id,first_name,last_name,address,zip_code,signup_date
1,Michael,Burke,060 Sanchez Route,48847,2023-11-24
2,Becky,James,430 Olivia Crescent Apt. 667,51090,2023-08-14
3,Jason,Mayer,90457 Webster Port,17542,2023-12-21
4,Diane,Ward,9212 Collins Locks Apt. 336,36555,2023-06-18
5,Jeffrey,Jordan,27558 Chris Mountain,53198,2023-10-21
6,Daniel,Kennedy,92071 Laurie Ville Apt. 380,94061,2022-08-01
7,Megan,Brown,62192 Michael Pine,95582,2022-12-16
8,Michael,Parrish,970 Cunningham Mews,65385,2022-01-16
9,Kathryn,Cisneros,86385 Pierce Common,62632,2022-07-03
10,Audrey,Sutton,772 Patrick Path Apt. 053,42744,2022-10-12
11,Lindsay,Nelson,931 Franklin Drives Suite 284,10737,2022-12-26
12,Megan,Reid,0182 Jennifer Neck Apt. 002,52366,2023-11-23
13,Terri,Miller,482 Derek Drives,52014,2023-11-11
14,Loretta,Jones,1447 Pena Street,94566,2022-10-09
15,Christina,Sullivan,811 Dickson Lake,53936,2023-12-29
16,Dawn,Evans,020 Barry Fords,30301,2023-12-02
17,Anthony,Joseph,2322 Jimenez Vista,729,2023-07-26
18,Sarah,Savage,135 Blake Trail,32368,2022-03-27
19,Maria,Warren,165 Richard Locks,10496,2023-01-31
20,Joseph,Caldwell,05937 Stevens Locks,65452,2022-08-02
21,Henry,Green,832 Gabriela Run,87074,2023-03-07
22,Jacqueline,Rivas,161 Evans Way,20110,2023-08-28
23,Kyle,Davis,98310 Wright Streets,15629,2023-04-06
24,Matthew,Valenzuela,96622 Laurie Flats Apt. 670,13701,2023-10-27
25,Adam,Peterson,6856 Stevens Terrace,56260,2022-06-18
26,Molly,Mullins,3621 Cox Circle,21970,2023-08-21
27,Ashley,Martin,444 Scott Meadows Suite 349,90627,2023-04-02
28,Richard,Bailey,396 Smith Rue,40270,2022-01-16
29,Donald,Barnes,73226 Ryan Village Apt. 142,96537,2022-10-26
30,Cynthia,Alvarez,62585 Nunez Courts Apt. 879,98775,2023-02-01
31,Anthony,Barker,962 Jennifer View,37042,2022-12-01
32,Julie,Martin,996 Walker Points,22805,2022-06-08
33,Jason,Horton,24725 Michael Freeway Apt. 343,9255,2023-06-30
34,Robert,Gomez,311 Charles Pines,54903,2022-09-24
35,Matthew,Schwartz,0545 Osborne Loaf Suite 757,96905,2022-04-04
36,Mitchell,Price,453 Rasmussen Mews Suite 974,88822,2022-11-10
37,Jennifer,Smith,9861 Clark Harbors Apt. 125,75531,2023-02-10
38,Kimberly,Logan,0809 Schaefer River Suite 815,50664,2023-09-18
39,Ashley,Harper,9255 Sanders Vista,9288,2023-07-04
40,Christopher,Miller,13074 John Trail Apt. 426,89283,2022-02-10
41,Brian,Contreras,0489 John Estate,58552,2022-12-02
42,Eric,Jensen,45430 Knight Forges Suite 310,57318,2023-05-27
43,Christine,Morris,178 Gillespie Divide,5768,2023-03-02
44,Emily,Downs,58718 Flores Fords,834,2022-11-06
45,Joseph,Mcmillan,426 Green Vista Suite 017,1498,2022-12-05
46,Ebony,Newton,208 Hogan Wells,83009,2022-08-09
47,Todd,Doyle,77729 Ross Islands,39698,2023-06-28
48,Scott,Stewart,37014 Debbie Cape Suite 278,7967,2022-09-15
49,Joshua,Hernandez,55800 Samantha Orchard,92362,2023-02-12
50,Kari,Ellis,214 Luis Shore,70418,2022-02-14
51,Daniel,Hernandez,60943 Kayla Forge,95439,2023-09-08
52,Russell,Lin,172 James Flat Suite 955,25108,2023-09-15
53,Justin,Wilson,620 Barbara Roads,74982,2023-01-29
54,Erika,Cordova,52595 Renee Drive Apt. 273,25611,2022-12-26
55,Tommy,Russell,992 Justin Walk,57262,2022-08-15
56,Elizabeth,Meyer,353 Jeremy Meadow Apt. 850,89417,2023-03-13
57,Brandon,Smith,1087 William Loaf Suite 182,52301,2022-03-05
58,Randall,Hayes,0107 Eric Courts,89559,2023-01-20
59,Carol,Wall,838 Janice Walks Suite 648,53815,2023-09-29
60,Adrian,Martinez,7357 Anderson Fords Apt. 222,51028,2023-10-06
61,Kevin,Cole,194 Osborn Key,52389,2022-01-21
62,Jason,Montes,225 Brown Falls,17965,2023-09-26
63,Derrick,Davis,50637 Carl Rue Apt. 804,51831,2022-02-09
64,Jonathan,Robinson,741 Adam Skyway Suite 384,4626,2023-06-13
65,Mark,Werner,852 Pamela Cliffs,67035,2023-10-25
66,Adrian,Fisher,2608 Beck Forks,81006,2023-05-24
67,Julie,Payne,561 Cross Turnpike Suite 055,44735,2022-10-10
68,Gregory,Martin,121 Miller Stravenue Suite 119,91411,2023-02-23
69,Omar,Gray,6409 Barbara Lane Apt. 957,43736,2022-06-07
70,Jane,Bailey,2070 Andrew Extension Suite 201,72509,2022-10-12
71,Vincent,Farley,21241 Ashley Terrace Suite 967,66795,2023-03-15
72,Martha,Bonilla,0987 Charles Meadow Suite 731,92590,2022-09-25
73,Linda,Ray,76075 Wong Manor,26588,2022-01-22
74,Charles,Smith,39431 Crystal Light Suite 430,82736,2023-03-07
75,Michelle,Cervantes,31202 Brenda Knoll Apt. 576,62504,2023-09-11
76,Bobby,Smith,9747 Jennifer Alley Apt. 687,16039,2023-03-09
77,Andrew,Mosley,4867 Evans Mission Suite 416,6508,2022-04-28
78,Samantha,Shaw,5604 Johnson Lodge,27662,2023-07-27
79,Michelle,Parrish,5373 Brianna Lights,43820,2022-02-08
80,Barbara,Lyons,692 Alexander Creek Suite 296,82933,2022-10-29
81,Ashley,Banks,3059 Ball Fall,43571,2022-10-19
82,Jenna,Bryant,1282 Gutierrez Ford Suite 431,73944,2023-05-15
83,Robert,Jenkins,489 Carr Keys Suite 663,36131,2022-03-01
84,Darius,Bell,4434 Floyd Turnpike Suite 916,47402,2023-12-06
85,Andrew,Daniels,344 Mitchell Ports,27807,2023-05-28
86,Mark,Mills,4088 Dustin Causeway Suite 862,65985,2023-03-02
87,Laurie,Hubbard,398 Garcia Estate Apt. 097,65548,2023-01-18
88,Christine,Wilson,21707 Turner Walk,83015,2023-01-20
89,Marilyn,Thompson,46557 Michele Crossroad Apt. 300,75061,2023-09-16
90,Samantha,Patterson,9646 Eddie Ridge Apt. 900,63443,2023-07-21
91,Christopher,Thompson,512 James Way,31427,2023-10-24
92,Megan,Larson,6589 Lee Prairie Suite 708,37969,2022-11-10
93,John,Daniels,99314 Tran Field Suite 566,16055,2023-04-20
94,Brianna,James,13885 Nicole Hill,61546,2022-11-14
95,Alexandria,Bruce,62203 Kyle Highway,41080,2022-10-28
96,Randy,Barker,6310 Hall Mission,1812,2022-08-07
97,Kyle,Kim,680 Andrea Run Suite 294,33572,2022-11-28
98,Matthew,Campbell,021 Kim Heights Apt. 743,65586,2022-09-15
99,Mason,Oliver,3502 Amanda Turnpike,11423,2022-10-30
100,Gary,Buckley,22894 Myers Falls Suite 523,46472,2022-09-12
101,William,Vincent,82930 Allen Isle,78462,2022-10-08
102,Daniel,Cowan,133 Jerry Forges Apt. 467,18620,2023-05-16
103,William,Shaffer,16750 Chase Divide Suite 995,75058,2023-07-06
104,Rebecca,Garcia,02453 Christian Extensions Apt. 984,15242,2022-06-06
105,Michael,Banks,30342 David Hill Suite 190,18791,2023-04-26
106,Jessica,Jensen,2224 Nicole Centers,91656,2022-11-27
107,Lori,Jenkins,648 Blair Cove Suite 754,16256,2023-08-11
108,Lisa,Crawford,99240 Ward Plains Apt. 872,32947,2023-02-21
109,Joel,Walton,258 Hector Island Apt. 956,92637,2022-12-11
110,Dwayne,Ho,448 Stacey Oval Apt. 379,45915,2022-10-02
111,James,Garcia,12110 Alyssa Passage,66489,2022-12-13
112,Carrie,Wallace,58690 Shawn Causeway,70619,2023-04-13
113,Kathleen,Perkins,0392 Garcia River Suite 529,65096,2022-01-29
114,Diana,Johnson,171 Gregory Park Suite 433,4091,2022-12-23
115,Gregory,Roberts,20542 Daniel Fall Suite 549,33669,2022-05-21
116,Kendra,Fisher,30833 Phillips Mills Apt. 488,27493,2022-07-13
117,Troy,Walker,995 Joseph Brooks Apt. 059,19062,2022-11-20
118,Karen,Gibson,519 Lopez Springs Suite 749,5236,2022-03-25
119,Kathleen,James,6329 Gutierrez Grove,71517,2023-09-30
120,Shane,Gonzalez,7752 Rhonda Port,2951,2022-02-28
121,Sandra,Harrison,61658 Donald Rapids,93370,2022-04-21
122,Anne,Martinez,59229 Wilson Islands,35279,2022-12-30
123,Cynthia,Ponce,02955 Hall Gardens Suite 262,55651,2022-07-15
124,Claudia,Sloan,206 Jones Shore Suite 980,68328,2022-12-18
125,Michelle,Gutierrez,33138 Bradley Ports Apt. 211,95259,2023-06-19
126,Courtney,Hoover,12154 Jennifer Plain,74998,2022-05-28
127,Edward,Padilla,8687 Evans Branch,81208,2023-07-06
128,Carlos,Figueroa,185 Hawkins Centers,8656,2023-05-17
129,Scott,Smith,4200 Thompson Parkway Suite 787,7277,2022-12-18
130,Kevin,Brooks,8566 Bautista Locks,76467,2022-04-30
131,Joshua,Walker,196 Jeff Shoals Apt. 192,66258,2023-03-27
132,Brian,Campbell,21320 Vaughn Cape Suite 294,70461,2023-01-06
133,William,Hobbs,47891 Thomas Ridges,82769,2023-12-02
134,Lance,Baker,69999 Johnston Pine Apt. 283,57138,2023-10-09
135,Shannon,Roberson,800 Nancy Manors,43186,2023-11-22
136,Brian,Pope,20005 Julie Plains Suite 386,57039,2023-11-10
137,Marie,Perry,05052 Sanchez Pines,63281,2022-04-07
138,Chase,Allen,058 Sara Ville,26283,2022-04-27
139,Michelle,Mccullough,990 Shannon Place,26216,2022-05-12
140,Melissa,Perry,76332 Nicole Parkway Suite 337,98239,2023-11-22
141,Christina,Smith,185 Nicole Plains Suite 267,36063,2023-11-06
142,William,Hernandez,68410 James Shore,85695,2023-06-11
143,Steven,Brooks,39218 Michael Ferry,49121,2022-11-15
144,Angela,Montoya,918 Nguyen Track Apt. 677,77376,2023-05-03
145,Latoya,Wilkins,06592 Cynthia Plain Apt. 431,66190,2023-01-11
146,Paula,Greene,9761 Hull Square,89710,2023-08-28
147,Shannon,Rogers,9698 Amber Hills,33393,2022-07-17
148,Lisa,Haley,720 Jacqueline Lane Suite 686,6090,2023-05-17
149,Denise,Haney,591 Mario Ford,98187,2023-11-14
150,Marc,Allen,899 Matthew Fork Suite 607,92283,2022-07-08
151,Thomas,Beltran,99074 Thomas River Suite 694,63754,2022-03-13
152,Edward,Lee,9967 Anna Plaza,14611,2023-12-22
153,Bryan,Newman,7485 Sullivan Club Apt. 984,92439,2023-02-17
154,Dale,Poole,7347 Clark Street,61152,2022-05-08
155,Rachel,Solis,4980 Roberts Branch,43476,2022-08-04
156,Matthew,Lane,860 Hanna Crest,92389,2022-04-16
157,Jennifer,Anderson,62706 Roberts Rapids,23010,2023-03-04
158,William,Fields,82484 Meyer Trail,39235,2023-04-05
159,Gerald,Madden,88983 Mark Inlet,59022,2022-08-02
160,John,Thompson,974 Angela Mall,94963,2023-09-11
161,Samuel,Strong,27500 Jason Springs,56410,2023-07-11
162,Scott,Holmes,661 Newman Brook Suite 641,78811,2022-10-20
163,Alexandra,Kim,378 Reynolds Port Apt. 870,31079,2022-09-01
164,Erik,Garcia,726 Anthony Roads,72836,2023-10-06
165,Nathan,Owen,5103 Ellison Hollow,80223,2022-12-26
166,Justin,Gordon,99067 Ortega Manors Suite 524,43722,2023-04-10
167,Riley,Welch,2215 Carr Mews,2634,2022-12-31
168,Matthew,Mueller,56222 Chelsea Isle Apt. 347,20288,2022-02-01
169,Carla,Cameron,7476 Weaver Spur,1447,2023-11-07
170,Kristina,Burton,9396 Jackson Vista Apt. 835,1538,2022-01-05
171,Deborah,Green,1245 Robinson Expressway,42873,2023-02-07
172,Cameron,Tran,36221 Sarah Tunnel,24750,2022-06-17
173,Cody,Fry,27726 Herrera Plains Apt. 958,77918,2023-02-26
174,Erika,Harris,585 Henry Skyway Suite 252,45121,2023-05-19
175,Justin,Davis,61857 Mendez Mission Apt. 050,52672,2022-06-18
176,Jennifer,Kim,4914 Gibson Grove,36848,2022-08-18
177,Diane,Fuller,53524 Russo Street Suite 171,21053,2023-09-18
178,Rebecca,Watkins,497 Jordan Vista Apt. 053,51813,2022-08-05
179,Morgan,Johnson,803 David Forge Suite 113,85807,2022-07-01
180,Mathew,Zimmerman,892 Mayer Passage,21508,2023-03-24
181,Brandi,Knapp,828 Michael Extensions Suite 873,39219,2022-02-25
182,Donald,Miller,8625 Lawrence Crossing,88823,2022-09-21
183,Michael,Reyes,465 Sara Stream Apt. 780,44905,2023-05-03
184,Tammy,Newton,915 Jennings Field,72087,2023-12-25
185,Holly,Anderson,6717 Newton Estates Suite 914,57480,2022-08-27
186,Philip,Chavez,62999 Oneal Roads,15837,2023-08-02
187,Brooke,Welch,5099 Hannah Creek Apt. 898,25124,2022-06-28
188,Sharon,Howard,3908 Marissa Spur Suite 211,37037,2022-12-14
189,Kyle,Allen,844 Debra Loaf Suite 884,60648,2023-01-26
190,Nicholas,Hurst,572 Colon Overpass Suite 958,50388,2023-09-04
191,Latasha,Phillips,190 Douglas Mill,10265,2022-07-31
192,Lisa,Nichols,891 Kevin Plains Apt. 971,41688,2023-09-02
193,Elizabeth,Sanchez,59844 Cochran Turnpike Suite 367,39030,2023-03-03
194,Maria,Deleon,681 Ian Forge,1384,2022-05-01
195,Joanne,Hartman,88568 Kimberly Ports,653,2022-03-01
196,Gina,Townsend,781 Landry Junction,14630,2022-01-09
197,Alicia,Hopkins,99217 Ray Land,25033,2022-02-01
198,Debbie,Hill,86693 Madeline Landing Apt. 588,66144,2022-11-22
199,Rodney,Donovan,705 David Locks,67762,2023-08-08
200,Michael,Burton,119 Kristin Common,834,2022-04-29
201,Michael,Little,82974 Debbie Island,12584,2022-05-26
202,Henry,Riley,36090 Mckenzie Union Apt. 810,38594,2022-01-09
203,Jason,Garcia,0243 Clark Cliff Suite 873,31905,2022-09-13
204,Stacey,Stevens,2713 Hicks Rapid Suite 933,40307,2023-09-20
205,Tom,Carlson,90058 Cantrell Terrace Suite 154,16438,2022-12-30
206,Jeremy,Rodriguez,315 Hoover Garden Suite 925,70560,2023-02-08
207,Devin,Campbell,16436 Donna Villages Apt. 772,89566,2022-04-26
208,Chris,Kline,28966 Smith Gateway Suite 281,23222,2023-03-21
209,Megan,Davis,4161 Patricia Road Suite 535,37524,2023-05-07
210,Craig,Snyder,4051 Jacob Points Apt. 273,47432,2023-11-04
211,Kelli,Ward,2763 Taylor Walks,25112,2022-05-02
212,Mary,Massey,4471 Brittany Underpass,72954,2022-06-29
213,Nicole,Myers,96906 Morales Square,68468,2023-12-02
214,Benjamin,Henry,228 Mays Pass,612,2023-02-19
215,Matthew,Johnson,5513 Medina Motorway Apt. 717,53416,2023-01-16
216,Katie,Jones,06881 Katherine Villages Suite 034,61155,2023-01-24
217,David,Chung,881 Harris Mountains,63362,2022-03-02
218,Nicholas,Jones,583 Jason Haven Suite 704,20531,2023-09-14
219,Francis,Mcdaniel,09091 Lee Views,21211,2023-05-23
220,Marie,Brooks,28262 Baker Expressway Apt. 412,39656,2023-08-22
221,Kellie,Edwards,90577 Adrian Trace,26938,2023-07-07
222,Lisa,Odonnell,00794 Annette Estate Suite 538,31043,2022-03-10
223,Gabriel,Stokes,97941 Douglas Harbor,75831,2022-02-14
224,Samuel,White,98726 Glenn Ports Suite 322,2107,2023-11-30
225,Robert,Smith,74224 Joseph Square Apt. 261,52398,2022-09-27
226,Erica,White,900 Kevin Pine,74681,2023-07-16
227,John,Bradley,63070 Amy Mission Apt. 020,41884,2023-08-14
228,Sean,Obrien,536 Griffith Cliff,96648,2023-06-02
229,Justin,Johnson,68900 Marshall Rapids Suite 001,40456,2023-08-13
230,Kaitlyn,Daugherty,25900 Robinson Mountain Apt. 307,83442,2023-01-09
231,Shane,Chaney,11386 Julia Mountains,21249,2022-01-05
232,Amanda,Webb,672 David Unions,22228,2022-10-30
233,Kyle,Mendez,4617 Ashley Plaza Apt. 707,29892,2022-07-23
234,Lindsey,Payne,3602 Katherine Hill Apt. 252,12831,2023-01-06
235,Taylor,Moore,602 White Radial,3079,2023-12-22
236,Mary,Harmon,20944 Salinas Mountains Apt. 690,11768,2023-11-01
237,Micheal,House,265 Davis Curve,23310,2023-06-19
238,Stacey,Lee,1794 Tara Springs Apt. 455,98689,2023-07-08
239,Tracey,Johnson,60211 Luis Plain Apt. 268,41644,2022-04-28
240,Steven,Johnson,498 Scott Point Suite 862,8823,2022-04-26
241,Juan,Hunt,6008 Collins Green,16936,2022-04-18
242,Patrick,Hernandez,378 Tiffany Creek,72676,2022-09-23
243,Allison,Camacho,4992 Samuel Cape,29290,2022-11-21
244,Tammy,Wilson,9836 Martha Turnpike,29348,2022-09-15
245,Lisa,Robinson,48486 Cole Canyon Apt. 139,62786,2023-03-11
246,Laurie,Murphy,4622 Gary Expressway Apt. 720,2786,2022-08-30
247,Devon,Robinson,0330 Andrew Plaza Suite 346,92724,2022-06-01
248,John,Luna,91900 David Crest Suite 009,58199,2022-06-24
249,Danielle,Case,9232 Harris Motorway,81134,2022-10-10
250,Morgan,Adams,906 Amber Street Suite 481,8269,2023-11-20
251,Angela,Olson,4630 Andrew Ranch Suite 336,5001,2022-07-21
252,Curtis,Ashley,37118 Lucas Shore,27974,2023-04-09
253,Meghan,Bailey,458 Katherine Valley Suite 203,8508,2022-07-08
254,Melissa,Arnold,015 Mario Garden Suite 660,21122,2022-12-04
255,Justin,Phillips,6999 Campbell Squares Suite 667,24021,2022-03-29
256,Kathryn,Mcgee,010 Joseph Row,36945,2023-04-29
257,Joshua,Simpson,81822 William Ranch,83208,2022-02-21
258,Rebecca,Hunt,26208 Mason Cliff Suite 452,22206,2022-04-25
259,Dylan,Ross,53642 Maxwell Motorway Apt. 041,61053,2023-05-05
260,Samuel,Lee,182 Rodriguez Crescent,74693,2023-01-14
261,Stacey,Thompson,25590 Wade Locks Apt. 007,93279,2022-12-10
262,Jeffrey,Mcdaniel,04660 Christopher Points,28458,2022-06-19
263,Shannon,Clay,271 Christopher Summit,13181,2022-08-16
264,Michael,Campbell,29615 David Shoal,52229,2022-04-20
265,Anthony,Long,507 Graham Islands Apt. 446,52174,2023-04-06
266,Brian,Silva,2276 Melissa Hills,31448,2022-12-29
267,Wayne,Miranda,19153 Michael Stravenue Apt. 472,95659,2023-02-21
268,Joe,Collins,58617 Nichols Estates Suite 127,90995,2022-03-09
269,Virginia,Bauer,7086 Padilla Loaf,19067,2023-05-24
270,Nicholas,Mckay,622 Terrell Road Suite 687,36937,2022-10-30
271,Anthony,Freeman,477 Eileen Prairie Apt. 350,11642,2023-10-06
272,Sarah,Andrade,1848 Holder Drive,66340,2022-04-21
273,Mary,Henderson,54340 Barber Wells,3010,2023-03-27
274,Debra,Burgess,212 Matthew Route Suite 495,67878,2023-04-28
275,Lacey,Cabrera,4920 Keller Harbor,12138,2022-11-02
276,Devin,Dean,111 Schroeder Plains Apt. 827,36536,2023-01-02
277,Justin,Lawson,63435 Mason Way,63784,2022-04-22
278,Maria,Patterson,188 Willis Manor,89042,2022-12-10
279,Heather,Bradley,6405 Lisa Cape,98414,2022-12-20
280,Dominic,Brooks,25434 Leah Ferry,73969,2023-10-17
281,Janice,Chen,16049 Smith Garden,95625,2023-12-16
282,Shane,Brown,18600 Frank Square Apt. 197,41067,2023-03-17
283,Adam,Jackson,14003 Ellison Mountains,96891,2022-01-03
284,Christian,Johnson,17197 Williams Summit,8886,2022-03-03
285,Jonathan,Dixon,625 Jennifer Green,47192,2022-09-29
286,Mary,Matthews,478 Dillon Branch,18562,2022-09-28
287,Ana,Carter,37535 Jasmin Brooks,31274,2023-03-22
288,Jessica,Serrano,88780 Taylor Mountain Apt. 371,47434,2023-08-25
289,Allison,Newman,60881 Daugherty Drives Apt. 399,66917,2023-12-26
290,Daniel,Sanford,7718 Todd Villages Apt. 076,72369,2023-04-29
291,Keith,Bell,24808 Mueller Mountain,20759,2023-05-15
292,Kevin,Johnson,24432 Nancy Ferry,95492,2023-08-15
293,Brandon,White,69069 Arnold Vista,66222,2023-06-26
294,Robert,Morris,6706 Fleming Knolls Apt. 691,1155,2023-12-14
295,Laura,Gibbs,521 Brown Crescent,94294,2022-10-15
296,Stephen,Howard,2610 Pennington Forge Apt. 508,91994,2022-02-23
297,Daniel,Jones,43198 Becky Heights Suite 813,26446,2022-08-15
298,Rebecca,Sandoval,41691 Leslie Forks,10121,2023-02-08
299,Candice,Watson,15167 Gallagher Station,17512,2023-03-01
300,Allen,Chan,463 Elizabeth Ridges Suite 348,97354,2023-05-22
301,Zachary,Martinez,05014 Fisher Trafficway,34288,2023-09-20
302,John,Flores,8961 Kennedy Plaza,27566,2022-10-22
303,Douglas,Smith,1281 Velez Isle Apt. 239,69864,2022-11-14
304,Ruben,Murphy,781 Cox Drives Suite 097,62297,2023-12-27
305,Christina,Marshall,60244 Chang Ville,7698,2023-03-04
306,John,Pope,6772 Michael Mills Apt. 073,10939,2023-06-13
307,Robert,Roach,715 Trujillo Throughway,58970,2023-08-30
308,Elizabeth,Hoffman,370 Connor Island Suite 380,52524,2022-08-06
309,Christopher,Cruz,4148 Thornton Skyway,80017,2022-12-14
310,Theresa,Guzman,0292 Green Terrace,27440,2022-09-26
311,Carlos,Rose,862 Lopez Path Suite 076,14877,2022-07-30
312,Alicia,Garcia,2076 Douglas Cliff Apt. 538,37880,2022-01-15
313,William,Ramirez,6259 Jeffery Pines Suite 879,4596,2022-05-25
314,Vanessa,Franklin,0488 Garza Fort,20054,2022-10-06
315,Angela,Ware,55340 Kramer Spur,61425,2022-03-31
316,Peter,Heath,3961 Carlson Mission,70797,2023-01-18
317,Theodore,Jones,0535 Cole Street Suite 897,33356,2022-01-13
318,Cynthia,Stafford,554 Samuel Club Apt. 384,80327,2022-06-25
319,Tina,Fisher,73627 Henry Squares,94948,2022-09-13
320,Jon,Avila,27111 Greer Run,11119,2022-03-13
321,Allen,Stewart,9171 Martin Tunnel Suite 298,79990,2022-12-21
322,Kristina,Flores,44869 Antonio Extensions Apt. 690,19719,2022-07-24
323,Michael,Gonzalez,220 Julie Port,78149,2023-06-08
324,Jessica,Lang,42647 Bruce Plains,25406,2022-01-28
325,Courtney,Jimenez,77031 Bradshaw Mission,28443,2022-10-03
326,Kelsey,Mooney,0049 Jason Loop,63791,2022-06-10
327,Jill,Fisher,44693 Michelle Mill Apt. 947,22609,2023-01-30
328,Marvin,Martinez,80839 Judith Throughway Suite 402,76835,2022-04-09
329,Bradley,Jackson,985 Holly Forges Apt. 272,59021,2023-11-08
330,Amy,Murphy,81291 Walker Run Apt. 496,39879,2023-10-10
331,Lisa,Reyes,66765 Shawn Expressway,47088,2022-12-27
332,Gregory,Ray,3974 Johnson Stream Apt. 886,89368,2022-07-16
333,Kimberly,Mitchell,67560 Bradley Branch Apt. 929,78499,2022-05-21
334,Steven,Schneider,21543 Joshua Plains,30542,2023-02-14
335,Heather,Chase,322 Krueger Gateway,46309,2022-09-14
336,Crystal,Travis,02351 Eric Landing,45872,2022-11-24
337,Lisa,Buck,0193 Campbell Underpass Apt. 369,2676,2022-01-30
338,Bryan,Mitchell,393 James Estates Suite 362,93052,2022-09-11
339,Kimberly,Skinner,08059 David Village Suite 412,85820,2023-03-03
340,Stephen,Powell,5965 Stephanie Crest,56837,2022-01-24
341,Kelly,Huang,76317 Parker Landing,19810,2023-10-15
342,Bradley,Hull,10629 Davidson Port Apt. 759,99077,2022-01-13
343,James,Williams,226 Jones Forks,78016,2023-09-11
344,Bobby,Newman,5362 Wyatt Harbor,39493,2023-06-05
345,Sarah,Jones,2864 Garcia Divide Apt. 961,17906,2022-05-12
346,Zachary,Davis,00992 Stewart Dam Suite 032,97611,2022-07-15
347,Veronica,Lang,53550 Davis Fords,5143,2022-01-23
348,Amy,Cummings,91430 Washington Ramp,35564,2022-07-03
349,Jon,Hill,247 Nicholas Streets Suite 221,82685,2022-09-23
350,Karen,Molina,458 Brittany Street,64808,2023-04-24
351,James,Ross,8770 Vasquez Light,54509,2023-12-29
352,Michael,Hawkins,32998 Gomez Knolls,27659,2023-10-03
353,Kimberly,Edwards,57846 Brown Pike,31154,2023-05-29
354,Michelle,Salazar,858 Maria Plains Apt. 567,1545,2023-12-03
355,Martin,Long,2084 Olson Shoals,12193,2022-12-27
356,David,Horton,4355 Kristi Lock,10205,2022-06-13
357,Micheal,Gibson,222 Smith Coves,22631,2022-01-28
358,Pamela,Allison,6247 Andrea Field,3711,2023-01-09
359,Julia,Coffey,01223 Miller Port Apt. 900,42030,2022-04-03
360,Patricia,Martinez,2702 Ross Greens Suite 095,16651,2022-01-12
361,Paul,Brooks,21740 Jennifer Ridges Apt. 019,37040,2022-04-14
362,Terri,Williamson,53892 Ethan Villages,35220,2023-01-27
363,Tyler,Johnson,19360 Robert Brooks Apt. 770,92948,2023-05-09
364,Tyler,Williams,4616 Thomas Mews Apt. 643,88463,2022-01-18
365,Sandra,Smith,09537 James Manors Apt. 762,84299,2023-07-09
366,April,Garcia,133 Wilson Row,92141,2023-03-07
367,Laurie,Morris,1642 Jennifer Loaf Suite 441,76238,2023-11-08
368,Jessica,Watts,2776 Woods Manor,68618,2022-06-01
369,Christian,Graham,3494 Cindy Cape,36985,2022-09-14
370,Carrie,Jackson,1755 William Mill Apt. 179,17744,2023-11-01
371,Lynn,Lee,42024 Sean Grove,61434,2023-07-23
372,Amy,Barrera,72345 Norman Underpass Apt. 869,65342,2022-11-22
373,Manuel,Wood,9025 Mejia Land Apt. 626,72583,2022-12-03
374,Christopher,Leach,7238 Gross Grove,74198,2022-05-26
375,Donna,Mayo,009 Perez Well,49522,2023-06-21
376,Kirk,Villa,574 Christopher Stream Suite 359,58649,2022-02-25
377,Carrie,Parrish,93781 Powers Causeway,9873,2023-02-11
378,Ronald,Green,6143 Wagner Pike Suite 437,4400,2022-05-11
379,Hannah,Glover,6187 Johns Glens,15928,2023-07-11
380,Michael,Rodriguez,2636 Michael Hills Apt. 858,17210,2023-12-06
381,Bobby,Valentine,27729 Alex Path,59607,2023-11-22
382,Molly,Jones,0786 Kelly Freeway Suite 660,28790,2023-04-04
383,Michael,Murphy,33746 Jason Locks Suite 730,75371,2022-02-05
384,Whitney,Salazar,1822 Robert Walks Suite 941,63460,2023-11-27
385,Joshua,Burnett,788 Murphy Parkway,70477,2023-04-07
386,Tina,Nelson,906 Walton Ports Suite 342,54500,2023-10-14
387,Stacy,Jackson,0550 Duncan Dam Apt. 704,34952,2022-02-20
388,Charles,Taylor,186 Johnson Lock Apt. 201,43665,2022-08-27
389,Dana,Murray,90739 Katie Pass Apt. 982,16359,2022-06-24
390,Michael,Martinez,82653 Steven Mount Apt. 864,52943,2022-07-30
391,Laurie,Atkins,69420 Jennifer Ramp Apt. 135,64127,2022-09-09
392,Erin,Mullins,901 Howard Port Suite 706,72675,2022-06-16
393,Stephanie,Barron,95873 Micheal Rest,68814,2023-12-27
394,Douglas,Church,3884 Lisa Square,48664,2022-04-10
395,Cathy,Gutierrez,178 Robert Parkway,98143,2022-07-10
396,Kimberly,Griffin,6431 Ware Pines,2975,2022-07-11
397,Austin,Martinez,64928 Mark Flats,48946,2023-03-20
398,Carlos,Rose,17092 Mccoy Canyon Suite 030,88644,2022-05-27
399,Kimberly,Lane,172 Hernandez Expressway,15607,2023-03-29
400,Michael,Stanley,244 Goodwin Burgs Apt. 728,69103,2023-11-27
401,Patrick,Bray,274 Charles Plains Apt. 691,523,2022-03-10
402,Ashley,Morris,27662 Angela Pines Apt. 039,80899,2023-07-14
403,Cassie,Simon,0263 Ramirez Forge,58484,2023-10-19
404,Erika,Perez,624 Murillo Springs Suite 012,6830,2022-10-05
405,Stacy,Baker,424 Diane Landing,11752,2023-07-15
406,Nathan,Phillips,9091 Summer Mount,29176,2022-04-15
407,Kathryn,Miller,02849 Sullivan Via Apt. 396,83873,2023-02-12
408,Audrey,Hansen,24365 Megan Spurs Suite 055,10949,2023-12-29
409,Alyssa,Salas,648 Holly Via,49215,2022-02-06
410,Raymond,Keller,4036 Pittman Pass Apt. 159,4291,2022-12-22
411,Debra,Moss,3854 Jenkins Flat Apt. 360,87934,2023-06-24
412,John,Harris,7998 Campbell Cliffs Apt. 594,71434,2022-08-25
413,Daniel,Miller,220 Lopez Pine Suite 226,98045,2022-12-10
414,Jill,Bonilla,66617 Thompson Key,5048,2023-12-11
415,Victor,Brown,992 Jason Terrace Suite 688,56245,2022-06-26
416,Paul,Smith,779 Nathan Tunnel Suite 041,21739,2023-03-15
417,Anna,Robinson,8208 Woodard Via,97896,2022-08-09
418,Jose,Cardenas,53983 Eric Crossroad,59425,2022-03-19
419,Jorge,Lopez,00144 Denise Shoals Suite 629,22832,2022-10-13
420,Sean,Garcia,3049 Jeff Crest,75706,2022-08-29
421,Wendy,Clark,89752 Anderson Ramp,62628,2023-06-30
422,Justin,Garza,564 Julia Shores Apt. 405,39881,2023-07-12
423,Sabrina,Rose,82353 Ashley Oval,10060,2023-03-05
424,Travis,Garrison,9194 Martinez Port Apt. 568,21526,2022-04-19
425,David,Hodges,17530 Gilbert Lodge,63600,2022-12-15
426,Melissa,Collins,695 Hernandez Track,91726,2023-04-22
427,Shannon,Gibson,43474 Jennifer Island Apt. 137,69281,2022-06-11
428,Rachel,Moore,1007 Simpson Row Apt. 175,20391,2022-04-19
429,Sean,Wagner,61920 Heather Village,24861,2022-03-14
430,Christopher,Sloan,387 Jason Canyon,22541,2023-05-28
431,Evelyn,Robinson,2444 Mitchell Rest,25791,2022-08-01
432,Megan,Cox,7607 Cline Trail,38086,2022-10-28
433,Luis,Hester,1076 Jones Throughway,24260,2023-02-08
434,Michael,Parrish,0851 Neal Shoals,30589,2023-03-18
435,Calvin,Palmer,951 Bell Fields,22254,2023-10-10
436,Amber,Deleon,91858 Maxwell Plains Apt. 157,19220,2023-06-15
437,Patricia,Lopez,9653 Sandra Causeway Suite 700,91507,2022-11-26
438,Melissa,Ramirez,93045 Wilson Harbor Apt. 398,27419,2022-03-25
439,Jennifer,Martin,18039 Long Estates,5130,2022-04-09
440,Sara,Parker,85886 Fuller Square,77290,2023-08-18
441,Dana,Kane,788 Edward Islands,83905,2022-08-24
442,Laura,Wong,516 Holt Station,60874,2023-11-01
443,William,Thomas,35623 Sarah Rapids,83411,2022-08-27
444,David,Walter,4088 Kathleen Ville Suite 708,7846,2023-04-27
445,James,Mcgee,92019 Amber Stream Suite 311,92205,2023-02-07
446,Dominic,Allen,266 Cole Plain,12454,2022-07-27
447,Kristy,Shannon,580 Martin Locks Apt. 211,93303,2023-02-25
448,Anthony,Lopez,47220 Perez Mountains Apt. 774,24394,2022-05-22
449,Angela,Johnson,447 Michelle Springs Apt. 317,51113,2022-12-08
450,Miguel,Stanley,6199 Daniel Ports,72470,2022-01-02
451,Linda,Chavez,7662 White Islands Suite 053,99072,2022-09-23
452,Andrea,Baker,61840 Nathaniel Via,18068,2023-05-30
453,Cheryl,Mcintosh,36860 Reilly Center Suite 306,13816,2022-06-15
454,Christopher,Miller,60502 Deborah Meadow Suite 098,31307,2023-03-10
455,Kyle,Reynolds,39091 Brian Streets,26813,2022-12-08
456,Yvonne,Hernandez,025 Andrew Greens,35576,2023-09-24
457,Jennifer,Shaw,37597 Hall Creek Apt. 600,17297,2023-10-06
458,Alicia,Romero,27574 Scott Groves Apt. 054,25829,2022-11-08
459,Kayla,Brown,453 David Brook Apt. 896,59755,2023-08-18
460,Madeline,Nelson,583 Mercado Vista Suite 566,33598,2022-01-03
461,Charles,Davis,95217 Williams Squares,93202,2022-04-17
462,Teresa,Wong,0361 Pittman Inlet Suite 070,29831,2022-08-08
463,Dawn,Dennis,2660 James Union Apt. 585,54922,2022-07-14
464,Shannon,Henderson,53017 Erin Roads,94807,2022-10-24
465,Erin,Carter,7156 Michael Mill,19938,2023-11-18
466,Melvin,Powell,2244 Jason Ramp,99601,2023-03-21
467,Natalie,Wheeler,7940 Schmitt Street Suite 315,18311,2023-01-05
468,Kimberly,Moreno,057 Ashley Street Apt. 898,26167,2022-03-04
469,Danielle,Snyder,4693 Rivera Crossing Apt. 359,77341,2023-07-25
470,Hunter,Hamilton,8768 Nicholas Mountain Apt. 237,69351,2023-01-04
471,Tammy,Maldonado,184 Melissa Valley Apt. 922,24970,2023-04-25
472,Ryan,Lucas,567 Jay Vista,63845,2023-09-25
473,Renee,Haley,973 Jason Wall,7861,2023-10-18
474,Brian,Robinson,4028 Marco Track Apt. 676,2858,2023-04-10
475,David,Brown,2773 Jeffrey Place,51072,2023-11-02
476,Eric,Johnson,202 Gina Brooks Apt. 401,56254,2023-11-13
477,Fred,Adams,332 Carter Forest Suite 719,19314,2023-04-20
478,Marcus,Jones,075 Atkins Isle,81084,2023-08-07
479,Jenna,Garcia,526 Robin Mills Suite 699,36625,2022-11-22
480,Michael,Perez,83100 Kramer Gardens,25148,2023-12-20
481,Shelley,Oliver,226 Robin Park,75496,2023-05-26
482,Patty,Baldwin,7331 Tanner Parkways Apt. 664,63667,2023-02-05
483,Meghan,Myers,70385 John Union Apt. 595,83515,2022-01-28
484,John,Garcia,842 Miller View,22589,2022-09-25
485,Cynthia,Gross,740 Rachael Groves,35295,2022-03-30
486,Andrea,Suarez,675 Ronnie Manor,18300,2023-04-26
487,David,Adams,9062 Megan Gardens,24469,2023-02-07
488,Kevin,Harris,85646 Justin Mission Suite 597,57976,2023-03-01
489,Amanda,Floyd,83997 Wilkinson Rapid,75355,2022-03-25
490,Wayne,Bailey,9860 Cervantes Bridge,25307,2022-01-31
491,Gary,Roberts,326 Phillips Crossroad Apt. 394,39209,2022-01-29
492,Shelly,Carlson,21289 Donna Cove Suite 948,96010,2022-07-02
493,Eric,Gross,40012 Kim Square Apt. 239,56303,2022-12-30
494,Donna,Davis,4225 Espinoza Summit Suite 188,21121,2022-12-03
495,Jennifer,Gordon,37887 Mark Plains,86897,2022-01-16
496,Cassie,Graves,68061 Heidi Glens Suite 647,82126,2023-06-08
497,Megan,Woods,0586 Hanson Port Suite 383,5650,2023-04-23
498,Anne,Torres,723 Brock Causeway,62714,2022-03-18
499,Marcia,Knox,261 Morales Avenue,45545,2023-03-25
500,Anthony,Allen,5557 Tapia Isle,20576,2023-07-14
